DN;D;T;R;W;H;C;B;Mass_45;Mass_60;Mass_90;Mass_180;type;;;;;;;;;;;;;;;;;;
15;21,3;2,0;28;;15;56;38;2,02;;0,04;0,08;1;;;;;;;;;;;;;;;;;;
15;21,3;3,2;28;;15;56;38;0,03;;0,06;0,12;1;;;;;;;;;;;;;;;;;;
15;21,3;4,0;28;;15;56;38;0,04;;0,07;0,14;1;;;;;;;;;;;;;;;;;;
20;26,9;2,0;29;;14;58;43;0,03;;0,06;0,11;1;;;;;;;;;;;;;;;;;;
20;26,9;3,2;29;;14;58;43;0,04;;0,08;0,17;1;;;;;;;;;;;;;;;;;;
20;26,9;4,0;29;;14;58;43;0,06;;0,10;0,20;1;;;;;;;;;;;;;;;;;;
25;33,7;2,3;38;;18;76;56;0,05;;0,11;0,21;1;;;;;;;;;;;;;;;;;;
25;33,7;3,2;38;;18;76;56;0,08;;0,16;0,32;1;;;;;;;;;;;;;;;;;;
25;33,7;4,5;38;;18;76;56;0,09;;0,19;0,38;1;;;;;;;;;;;;;;;;;;
32;42,4;2,6;48;;23;96;69;0,10;;0,19;0,39;1;;;;;;;;;;;;;;;;;;
32;42,4;3,6;48;;23;96;69;0,13;;0,26;0,52;1;;;;;;;;;;;;;;;;;;
32;42,4;5,0;48;;23;96;69;0,17;;0,35;0,60;1;;;;;;;;;;;;;;;;;;
40;48,3;2,6;57;;29;114;82;0,13;;0,26;0,53;1;;;;;;;;;;;;;;;;;;
40;48,3;3,6;57;;29;114;82;0,18;;0,36;0,72;1;;;;;;;;;;;;;;;;;;
40;48,3;5,0;57;;29;114;82;0,24;;0,47;0,95;1;;;;;;;;;;;;;;;;;;
50;60,3;2,9;76;;35;152;106;0,25;;0,50;0,99;1;;;;;;;;;;;;;;;;;;
50;60,3;4,0;76;;35;152;106;0,33;;0,67;1,30;1;;;;;;;;;;;;;;;;;;
50;60,3;5,6;76;;35;152;106;0,50;;0,89;1,80;1;;;;;;;;;;;;;;;;;;
65;76,1;2,9;95;;44;1900;133;0,40;;0,79;1,60;1;;;;;;;;;;;;;;;;;;
65;76,1;5,0;95;;44;1900;133;0,72;;1,50;2,90;1;;;;;;;;;;;;;;;;;;
65;76,1;7,1;95;;44;1900;133;0,90;;1,80;3,60;1;;;;;;;;;;;;;;;;;;
80;88,9;3,2;114;;51;228;159;0,60;;1,20;2,40;1;;;;;;;;;;;;;;;;;;
80;88,9;5,6;114;;51;228;159;1,00;;2,10;4,10;1;;;;;;;;;;;;;;;;;;
80;88,9;8,0;114;;51;228;159;1,40;;2,80;5,70;1;;;;;;;;;;;;;;;;;;
100;114,3;3,6;152;;64;304;210;1,20;;2,40;4,70;1;;;;;;;;;;;;;;;;;;
100;114,3;6,3;152;;64;304;210;2,00;;4,00;8,00;1;;;;;;;;;;;;;;;;;;
100;114,3;8,8;152;;64;304;210;2,80;;5,40;11,00;1;;;;;;;;;;;;;;;;;;
125;139,7;4,0;190;;79;380;260;2,00;;4,00;8,00;1;;;;;;;;;;;;;;;;;;
125;139,7;6,3;190;;79;380;260;3,10;;6,20;12,00;1;;;;;;;;;;;;;;;;;;
125;139,7;10,0;190;;79;380;260;4,80;;9,60;19,00;1;;;;;;;;;;;;;;;;;;
150;168,3;4,5;229;;95;457;313;3,20;;6,50;13,00;1;;;;;;;;;;;;;;;;;;
150;168,3;7,1;229;;95;457;313;5,10;;10,00;20,00;1;;;;;;;;;;;;;;;;;;
150;168,3;11,0;229;;95;457;313;7,70;;15,00;31,00;1;;;;;;;;;;;;;;;;;;
200;219,1;6,3;305;;127;610;414;8,00;;16,00;32,00;1;;;;;;;;;;;;;;;;;;
200;219,1;8,0;305;;127;610;414;9,90;;20,00;40,00;1;;;;;;;;;;;;;;;;;;
200;219,1;12,5;305;;127;610;414;14,00;;31,00;61,00;1;;;;;;;;;;;;;;;;;;
250;273,0;6,3;381;;159;762;518;12,00;;25,00;50,00;1;;;;;;;;;;;;;;;;;;
250;273,0;10,0;381;;159;762;518;19,00;;39,00;78,00;1;;;;;;;;;;;;;;;;;;
300;323,9;7,1;457;;190;914;619;20,00;;40,00;80,00;1;;;;;;;;;;;;;;;;;;
300;323,9;10,0;457;;190;914;619;28,00;;56,00;111,00;1;;;;;;;;;;;;;;;;;;
350;355,6;8,0;533;;222;1066;711;24,00;;57,00;114,00;1;;;;;;;;;;;;;;;;;;
350;355,6;11,0;533;;222;1066;711;39,00;;78,00;156,00;1;;;;;;;;;;;;;;;;;;
400;406,4;8,8;610;;254;1220;813;41,00;;82,00;165,00;1;;;;;;;;;;;;;;;;;;
400;406,4;12,5;610;;254;1220;813;58,00;;117,00;234,00;1;;;;;;;;;;;;;;;;;;
450;457,0;10,0;686;;286;1372;914;59,00;;119,00;237,00;1;;;;;;;;;;;;;;;;;;
500;508,0;11,0;762;;318;1524;1016;81,00;;162,00;323,00;1;;;;;;;;;;;;;;;;;;
600;610,0;12,5;914;;381;1828;1219;133,00;;266,00;531,00;1;;;;;;;;;;;;;;;;;;
25;32;2,0;38;22;18;76;56;0,05;0,07;0,10;0,20;2;;;;;;;;;;;;;;;;;;
25;32;2,5;38;22;18;76;56;0,10;0,13;0,20;0,40;2;;;;;;;;;;;;;;;;;;
25;32;3,0;38;22;18;76;56;0,10;0,13;0,20;0,40;2;;;;;;;;;;;;;;;;;;
25;32;3,5;38;22;18;76;56;0,10;0,13;0,20;0,40;2;;;;;;;;;;;;;;;;;;
32;38;2,0;48;28;23;96;69;0,10;0,13;0,20;0,40;2;;;;;;;;;;;;;;;;;;
32;38;2,5;48;28;23;96;69;0,10;0,13;0,20;0,40;2;;;;;;;;;;;;;;;;;;
32;38;3,0;48;28;23;96;69;0,10;0,13;0,20;0,40;2;;;;;;;;;;;;;;;;;;
32;38;3,5;48;28;23;96;69;0,15;0,20;0,30;0,60;2;;;;;;;;;;;;;;;;;;
32;38;4,0;48;28;23;96;69;0,15;0,20;0,30;0,60;2;;;;;;;;;;;;;;;;;;
40;45;2,5;60;35;25;120;83;0,15;0,20;0,30;0,60;2;;;;;;;;;;;;;;;;;;
40;45;3,0;60;35;25;120;83;0,15;0,20;0,30;0,60;2;;;;;;;;;;;;;;;;;;
40;45;3,5;60;35;25;120;83;0,20;0,27;0,40;0,80;2;;;;;;;;;;;;;;;;;;
40;45;4,0;60;35;25;120;83;0,20;0,27;0,40;0,80;2;;;;;;;;;;;;;;;;;;
40;45;5,0;60;35;25;120;83;0,25;0,33;0,50;1,00;2;;;;;;;;;;;;;;;;;;
50;57;2,5;75;43;30;150;104;0,20;0,27;0,40;0,80;2;;;;;;;;;;;;;;;;;;
50;57;3,0;75;43;30;150;104;0,25;0,33;0,50;1,00;2;;;;;;;;;;;;;;;;;;
50;57;3,5;75;43;30;150;104;0,30;0,40;0,60;1,20;2;;;;;;;;;;;;;;;;;;
50;57;4,0;75;43;30;150;104;0,35;0,47;0,70;1,40;2;;;;;;;;;;;;;;;;;;
50;57;4,5;75;43;30;150;104;0,35;0,47;0,70;1,40;2;;;;;;;;;;;;;;;;;;
50;57;5,0;75;43;30;150;104;0,40;0,53;0,80;1,60;2;;;;;;;;;;;;;;;;;;
50;57;5,5;75;43;30;150;104;0,45;0,60;0,90;1,80;2;;;;;;;;;;;;;;;;;;
50;57;6,0;75;43;30;150;104;0,50;0,67;1,00;2,00;2;;;;;;;;;;;;;;;;;;
65;76;3,0;100;57;41;200;138;0,40;0,53;0,80;1,60;2;;;;;;;;;;;;;;;;;;
65;76;3,5;100;57;41;200;138;0,50;0,67;1,00;2,00;2;;;;;;;;;;;;;;;;;;
65;76;4,0;100;57;41;200;138;0,55;0,73;1,10;2,20;2;;;;;;;;;;;;;;;;;;
65;76;4,5;100;57;41;200;138;0,65;0,87;1,30;2,60;2;;;;;;;;;;;;;;;;;;
65;76;5,0;100;57;41;200;138;0,70;0,93;1,40;2,80;2;;;;;;;;;;;;;;;;;;
65;76;5,5;100;57;41;200;138;0,80;1,07;1,60;3,20;2;;;;;;;;;;;;;;;;;;
65;76;6,0;100;57;41;200;138;0,85;1,13;1,70;3,40;2;;;;;;;;;;;;;;;;;;
65;76;7,0;100;57;41;200;138;1,00;1,33;2,00;4,00;2;;;;;;;;;;;;;;;;;;
65;76;8,0;100;57;41;200;138;1,10;1,47;2,20;4,40;2;;;;;;;;;;;;;;;;;;
80;89;3,0;120;69;50;240;165;0,60;0,80;1,20;2,40;2;;;;;;;;;;;;;;;;;;
80;89;3,5;120;69;50;240;165;0,70;0,93;1,40;2,80;2;;;;;;;;;;;;;;;;;;
80;89;4,0;120;69;50;240;165;0,75;1,00;1,50;3,00;2;;;;;;;;;;;;;;;;;;
80;89;4,5;120;69;50;240;165;0,85;1,13;1,70;3,40;2;;;;;;;;;;;;;;;;;;
80;89;5,0;120;69;50;240;165;0,95;1,27;1,90;3,80;2;;;;;;;;;;;;;;;;;;
80;89;5,5;120;69;50;240;165;1,05;1,40;2,10;4,20;2;;;;;;;;;;;;;;;;;;
80;89;6,0;120;69;50;240;165;1,15;1,53;2,30;4,60;2;;;;;;;;;;;;;;;;;;
80;89;7,0;120;69;50;240;165;1,35;1,80;2,70;5,40;2;;;;;;;;;;;;;;;;;;
80;89;8,0;120;69;50;240;165;1,50;2,00;3,00;6,00;2;;;;;;;;;;;;;;;;;;
100;102;3,5;150;87;62;300;201;1,05;1,40;2,10;4,20;2;;;;;;;;;;;;;;;;;;
100;102;4,0;150;87;62;300;201;1,20;1,60;2,40;4,80;2;;;;;;;;;;;;;;;;;;
100;102;4,5;150;87;62;300;201;1,30;1,73;2,60;5,20;2;;;;;;;;;;;;;;;;;;
100;102;5,0;150;87;62;300;201;1,45;1,93;2,90;5,80;2;;;;;;;;;;;;;;;;;;
100;102;6,0;150;87;62;300;201;1,70;2,27;3,40;6,80;2;;;;;;;;;;;;;;;;;;
100;102;7,0;150;87;62;300;201;1,95;2,60;3,90;7,80;2;;;;;;;;;;;;;;;;;;
100;102;8,0;150;87;62;300;201;2,25;3,00;4,50;9,00;2;;;;;;;;;;;;;;;;;;
100;102;9,0;150;87;62;300;201;2,50;3,33;5,00;10,00;2;;;;;;;;;;;;;;;;;;
100;102;10,0;150;87;62;300;201;2,75;3,67;5,50;11,00;2;;;;;;;;;;;;;;;;;;
100;108;3,5;150;87;62;300;204;1,10;1,47;2,20;4,40;2;;;;;;;;;;;;;;;;;;
100;108;4,0;150;87;62;300;204;1,25;1,67;2,50;5,00;2;;;;;;;;;;;;;;;;;;
100;108;4,5;150;87;62;300;204;1,40;1,87;2,80;5,60;2;;;;;;;;;;;;;;;;;;
100;108;5,0;150;87;62;300;204;1,55;2,07;3,10;6,20;2;;;;;;;;;;;;;;;;;;
100;108;6,0;150;87;62;300;204;1,80;2,40;3,60;7,20;2;;;;;;;;;;;;;;;;;;
100;108;7,0;150;87;62;300;204;2,05;2,73;4,10;8,20;2;;;;;;;;;;;;;;;;;;
100;108;8,0;150;87;62;300;204;2,35;3,13;4,70;9,40;2;;;;;;;;;;;;;;;;;;
100;108;9,0;150;87;62;300;204;2,65;3,53;5,30;10,60;2;;;;;;;;;;;;;;;;;;
100;108;10,0;150;87;62;300;204;2,90;3,87;5,80;11,60;2;;;;;;;;;;;;;;;;;;
100;114;3,5;150;87;62;300;207;1,10;1,47;2,20;4,40;2;;;;;;;;;;;;;;;;;;
100;114;4,0;150;87;62;300;207;1,30;1,73;2,60;5,20;2;;;;;;;;;;;;;;;;;;
100;114;4,5;150;87;62;300;207;1,45;1,93;2,90;5,80;2;;;;;;;;;;;;;;;;;;
100;114;5,0;150;87;62;300;207;1,65;2,20;3,30;6,60;2;;;;;;;;;;;;;;;;;;
100;114;6,0;150;87;62;300;207;1,90;2,53;3,80;7,60;2;;;;;;;;;;;;;;;;;;
100;114;7,0;150;87;62;300;207;2,20;2,93;4,40;8,80;2;;;;;;;;;;;;;;;;;;
100;114;8,0;150;87;62;300;207;2,50;3,33;5,00;10,00;2;;;;;;;;;;;;;;;;;;
100;114;9,0;150;87;62;300;207;2,85;3,80;5,70;11,40;2;;;;;;;;;;;;;;;;;;
100;114;10,0;150;87;62;300;207;3,05;4,07;6,10;12,20;2;;;;;;;;;;;;;;;;;;
125;133;3,5;190;110;79;380;257;1,65;2,20;3,30;6,60;2;;;;;;;;;;;;;;;;;;
125;133;4,0;190;110;79;380;257;1,90;2,53;3,80;7,60;2;;;;;;;;;;;;;;;;;;
125;133;4,5;190;110;79;380;257;2,15;2,87;4,30;8,60;2;;;;;;;;;;;;;;;;;;
125;133;5,0;190;110;79;380;257;2,40;3,20;4,80;9,60;2;;;;;;;;;;;;;;;;;;
125;133;6,0;190;110;79;380;257;2,85;3,80;5,70;11,40;2;;;;;;;;;;;;;;;;;;
125;133;7,0;190;110;79;380;257;3,25;4,33;6,50;13,00;2;;;;;;;;;;;;;;;;;;
125;133;8,0;190;110;79;380;257;3,70;4,93;7,40;14,80;2;;;;;;;;;;;;;;;;;;
125;133;9,0;190;110;79;380;257;4,10;5,47;8,20;16,40;2;;;;;;;;;;;;;;;;;;
125;133;10,0;190;110;79;380;257;4,55;6,07;9,10;18,20;2;;;;;;;;;;;;;;;;;;
125;133;11,0;190;110;79;380;257;5,00;6,67;10,00;20,00;2;;;;;;;;;;;;;;;;;;
125;133;12,0;190;110;79;380;257;5,50;7,33;11,00;22,00;2;;;;;;;;;;;;;;;;;;
150;159;4,0;225;130;93;450;305;2,70;3,60;5,40;10,80;2;;;;;;;;;;;;;;;;;;
150;159;4,5;225;130;93;450;305;3,05;4,07;6,10;12,20;2;;;;;;;;;;;;;;;;;;
150;159;5,0;225;130;93;450;305;3,35;4,47;6,70;13,40;2;;;;;;;;;;;;;;;;;;
150;159;6,0;225;130;93;450;305;4,05;5,40;8,10;16,20;2;;;;;;;;;;;;;;;;;;
150;159;7,0;225;130;93;450;305;4,70;6,27;9,40;18,80;2;;;;;;;;;;;;;;;;;;
150;159;8,0;225;130;93;450;305;5,50;7,33;11,00;22,00;2;;;;;;;;;;;;;;;;;;
150;159;9,0;225;130;93;450;305;6,00;8,00;12,00;24,00;2;;;;;;;;;;;;;;;;;;
150;159;10,0;225;130;93;450;305;6,50;8,67;13,00;26,00;2;;;;;;;;;;;;;;;;;;
150;159;11,0;225;130;93;450;305;7,00;9,33;14,00;28,00;2;;;;;;;;;;;;;;;;;;
150;159;12,0;225;130;93;450;305;8,00;10,67;16,00;32,00;2;;;;;;;;;;;;;;;;;;
150;159;13,0;225;130;93;450;305;8,50;11,33;17,00;34,00;2;;;;;;;;;;;;;;;;;;
150;159;14,0;225;130;93;450;305;9,00;12,00;18,00;36,00;2;;;;;;;;;;;;;;;;;;
150;168;4,0;225;130;93;450;305;2,80;3,73;5,60;11,20;2;;;;;;;;;;;;;;;;;;
150;168;4,5;225;130;93;450;305;3,20;4,27;6,40;12,80;2;;;;;;;;;;;;;;;;;;
150;168;5,0;225;130;93;450;305;3,55;4,73;7,10;14,20;2;;;;;;;;;;;;;;;;;;
150;168;6,0;225;130;93;450;305;4,25;5,67;8,50;17,00;2;;;;;;;;;;;;;;;;;;
150;168;7,0;225;130;93;450;305;4,90;6,53;9,80;19,60;2;;;;;;;;;;;;;;;;;;
150;168;8,0;225;130;93;450;305;5,60;7,47;11,20;22,40;2;;;;;;;;;;;;;;;;;;
150;168;9,0;225;130;93;450;305;6,25;8,33;12,50;25,00;2;;;;;;;;;;;;;;;;;;
150;168;10,0;225;130;93;450;305;7,00;9,33;14,00;28,00;2;;;;;;;;;;;;;;;;;;
150;168;11,0;225;130;93;450;305;7,50;10,00;15,00;30,00;2;;;;;;;;;;;;;;;;;;
150;168;12,0;225;130;93;450;305;8,00;10,67;16,00;32,00;2;;;;;;;;;;;;;;;;;;
150;168;13,0;225;130;93;450;305;8,75;11,67;17,50;35,00;2;;;;;;;;;;;;;;;;;;
150;168;14,0;225;130;93;450;305;9,50;12,67;19,00;38,00;2;;;;;;;;;;;;;;;;;;
200;219;5,0;300;173;124;600;410;6,50;8,67;13,00;26,00;2;;;;;;;;;;;;;;;;;;
200;219;6,0;300;173;124;600;410;7,50;10,00;15,00;30,00;2;;;;;;;;;;;;;;;;;;
200;219;7,0;300;173;124;600;410;8,50;11,33;17,00;34,00;2;;;;;;;;;;;;;;;;;;
200;219;8,0;300;173;124;600;410;10,00;13,33;20,00;40,00;2;;;;;;;;;;;;;;;;;;
200;219;9,0;300;173;124;600;410;11,00;14,67;22,00;44,00;2;;;;;;;;;;;;;;;;;;
200;219;10,0;300;173;124;600;410;12,50;16,67;25,00;50,00;2;;;;;;;;;;;;;;;;;;
200;219;11,0;300;173;124;600;410;13,50;18,00;27,00;54,00;2;;;;;;;;;;;;;;;;;;
200;219;12,0;300;173;124;600;410;14,50;19,33;29,00;58,00;2;;;;;;;;;;;;;;;;;;
200;219;13,0;300;173;124;600;410;16,00;21,33;32,00;64,00;2;;;;;;;;;;;;;;;;;;
200;219;14,0;300;173;124;600;410;17,00;22,67;34,00;68,00;2;;;;;;;;;;;;;;;;;;
200;219;15,0;300;173;124;600;410;18,50;24,67;37,00;74,00;2;;;;;;;;;;;;;;;;;;
200;219;16,0;300;173;124;600;410;19,50;26,00;39,00;78,00;2;;;;;;;;;;;;;;;;;;
200;219;17,0;300;173;124;600;410;21,00;28,00;42,00;84,00;2;;;;;;;;;;;;;;;;;;
200;219;18,0;300;173;124;600;410;22,00;29,33;44,00;88,00;2;;;;;;;;;;;;;;;;;;
250;273;6,0;375;217;155;750;512;11,50;15,33;23,00;46,00;2;;;;;;;;;;;;;;;;;;
250;273;7,0;375;217;155;750;512;13,50;18,00;27,00;54,00;2;;;;;;;;;;;;;;;;;;
250;273;8,0;375;217;155;750;512;15,50;20,67;31,00;62,00;2;;;;;;;;;;;;;;;;;;
250;273;9,0;375;217;155;750;512;17,50;23,33;35,00;70,00;2;;;;;;;;;;;;;;;;;;
250;273;10,0;375;217;155;750;512;19,50;26,00;39,00;78,00;2;;;;;;;;;;;;;;;;;;
250;273;11,0;375;217;155;750;512;21,50;28,67;43,00;86,00;2;;;;;;;;;;;;;;;;;;
250;273;12,0;375;217;155;750;512;23,00;30,67;46,00;92,00;2;;;;;;;;;;;;;;;;;;
250;273;13,0;375;217;155;750;512;25,00;33,33;50,00;100,00;2;;;;;;;;;;;;;;;;;;
250;273;14,0;375;217;155;750;512;27,00;36,00;54,00;108,00;2;;;;;;;;;;;;;;;;;;
250;273;15,0;375;217;155;750;512;29,00;38,67;58,00;116,00;2;;;;;;;;;;;;;;;;;;
250;273;16,0;375;217;155;750;512;30,50;40,67;61,00;122,00;2;;;;;;;;;;;;;;;;;;
250;273;17,0;375;217;155;750;512;33,00;44,00;66,00;132,00;2;;;;;;;;;;;;;;;;;;
250;273;18,0;375;217;155;750;512;35,00;46,67;70,00;140,00;2;;;;;;;;;;;;;;;;;;
250;273;20,0;375;217;155;750;512;39,00;52,00;78,00;156,00;2;;;;;;;;;;;;;;;;;;
250;273;22,0;375;217;155;750;512;42,50;56,67;85,00;170,00;2;;;;;;;;;;;;;;;;;;
300;325;7,0;450;260;186;900;613;19,50;26,00;39,00;78,00;2;;;;;;;;;;;;;;;;;;
300;325;8,0;450;260;186;900;613;22,50;30,00;45,00;90,00;2;;;;;;;;;;;;;;;;;;
300;325;9,0;450;260;186;900;613;25,00;33,33;50,00;100,00;2;;;;;;;;;;;;;;;;;;
300;325;10,0;450;260;186;900;613;28,00;37,33;56,00;112,00;2;;;;;;;;;;;;;;;;;;
300;325;11,0;450;260;186;900;613;30,50;40,67;61,00;122,00;2;;;;;;;;;;;;;;;;;;
300;325;12,0;450;260;186;900;613;33,00;44,00;66,00;132,00;2;;;;;;;;;;;;;;;;;;
300;325;13,0;450;260;186;900;613;36,00;48,00;72,00;144,00;2;;;;;;;;;;;;;;;;;;
300;325;14,0;450;260;186;900;613;38,50;51,33;77,00;154,00;2;;;;;;;;;;;;;;;;;;
300;325;15,0;450;260;186;900;613;41,00;54,67;82,00;164,00;2;;;;;;;;;;;;;;;;;;
300;325;16,0;450;260;186;900;613;43,50;58,00;87,00;174,00;2;;;;;;;;;;;;;;;;;;
300;325;17,0;450;260;186;900;613;46,00;61,33;92,00;184,00;2;;;;;;;;;;;;;;;;;;
300;325;18,0;450;260;186;900;613;48,00;64,00;96,00;192,00;2;;;;;;;;;;;;;;;;;;
300;325;20,0;450;260;186;900;613;53,50;71,33;107,00;214,00;2;;;;;;;;;;;;;;;;;;
300;325;22,0;450;260;186;900;613;59,00;78,67;118,00;236,00;2;;;;;;;;;;;;;;;;;;
300;325;24,0;450;260;186;900;613;65,00;86,67;130,00;260,00;2;;;;;;;;;;;;;;;;;;
300;325;26,0;450;260;186;900;613;70,50;94,00;141,00;282,00;2;;;;;;;;;;;;;;;;;;
300;325;28,0;450;260;186;900;613;75,00;100,00;150,00;300,00;2;;;;;;;;;;;;;;;;;;
350;377;9,0;525;303;217;1050;714;34,00;45,33;68,00;136,00;2;;;;;;;;;;;;;;;;;;
350;377;10,0;525;303;217;1050;714;37,50;50,00;75,00;150,00;2;;;;;;;;;;;;;;;;;;
350;377;11,0;525;303;217;1050;714;41,50;55,33;83,00;166,00;2;;;;;;;;;;;;;;;;;;
350;377;12,0;525;303;217;1050;714;45,00;60,00;90,00;180,00;2;;;;;;;;;;;;;;;;;;
350;377;13,0;525;303;217;1050;714;48,50;64,67;97,00;194,00;2;;;;;;;;;;;;;;;;;;
350;377;14,0;525;303;217;1050;714;52,00;69,33;104,00;208,00;2;;;;;;;;;;;;;;;;;;
350;377;15,0;525;303;217;1050;714;56,00;74,67;112,00;224,00;2;;;;;;;;;;;;;;;;;;
350;377;16,0;525;303;217;1050;714;59,50;79,33;119,00;238,00;2;;;;;;;;;;;;;;;;;;
350;377;18,0;525;303;217;1050;714;66,50;88,67;133,00;266,00;2;;;;;;;;;;;;;;;;;;
350;377;20,0;525;303;217;1050;714;73,50;98,00;147,00;294,00;2;;;;;;;;;;;;;;;;;;
350;377;22,0;525;303;217;1050;714;80,50;107,33;161,00;322,00;2;;;;;;;;;;;;;;;;;;
350;377;24,0;525;303;217;1050;714;87,50;116,67;175,00;350,00;2;;;;;;;;;;;;;;;;;;
350;377;26,0;525;303;217;1050;714;94,00;125,33;188,00;376,00;2;;;;;;;;;;;;;;;;;;
350;377;28,0;525;303;217;1050;714;100,50;134,00;201,00;402,00;2;;;;;;;;;;;;;;;;;;
350;377;30,0;525;303;217;1050;714;107,00;142,67;214,00;428,00;2;;;;;;;;;;;;;;;;;;
350;377;32,0;525;303;217;1050;714;114,00;152,00;228,00;456,00;2;;;;;;;;;;;;;;;;;;
400;426;8,0;600;346;248;1200;813;39,00;52,00;78,00;156,00;2;;;;;;;;;;;;;;;;;;
400;426;9,0;600;346;248;1200;813;44,50;59,33;89,00;178,00;2;;;;;;;;;;;;;;;;;;
400;426;10,0;600;346;248;1200;813;48,50;64,67;97,00;194,00;2;;;;;;;;;;;;;;;;;;
400;426;11,0;600;346;248;1200;813;53,50;71,33;107,00;214,00;2;;;;;;;;;;;;;;;;;;
400;426;12,0;600;346;248;1200;813;58,50;78,00;117,00;234,00;2;;;;;;;;;;;;;;;;;;
400;426;13,0;600;346;248;1200;813;63,00;84,00;126,00;252,00;2;;;;;;;;;;;;;;;;;;
400;426;14,0;600;346;248;1200;813;67,50;90,00;135,00;270,00;2;;;;;;;;;;;;;;;;;;
400;426;15,0;600;346;248;1200;813;72,50;96,67;145,00;290,00;2;;;;;;;;;;;;;;;;;;
400;426;16,0;600;346;248;1200;813;77,00;102,67;154,00;308,00;2;;;;;;;;;;;;;;;;;;
400;426;17,0;600;346;248;1200;813;82,00;109,33;164,00;328,00;2;;;;;;;;;;;;;;;;;;
400;426;18,0;600;346;248;1200;813;86,50;115,33;173,00;346,00;2;;;;;;;;;;;;;;;;;;
400;426;20,0;600;346;248;1200;813;96,00;128,00;192,00;384,00;2;;;;;;;;;;;;;;;;;;
400;426;22,0;600;346;248;1200;813;105,00;140,00;210,00;420,00;2;;;;;;;;;;;;;;;;;;
400;426;24,0;600;346;248;1200;813;115,00;153,33;230,00;460,00;2;;;;;;;;;;;;;;;;;;
400;426;26,0;600;346;248;1200;813;124,50;166,00;249,00;498,00;2;;;;;;;;;;;;;;;;;;
400;426;28,0;600;346;248;1200;813;134,00;178,67;268,00;536,00;2;;;;;;;;;;;;;;;;;;
400;426;30,0;600;346;248;1200;813;143,00;190,67;286,00;572,00;2;;;;;;;;;;;;;;;;;;
400;426;32,0;600;346;248;1200;813;153,00;204,00;306,00;612,00;2;;;;;;;;;;;;;;;;;;
400;426;34,0;600;346;248;1200;813;162,00;216,00;324,00;648,00;2;;;;;;;;;;;;;;;;;;
500;530;9,0;750;433;310;1500;1015;69,00;92,00;138,00;276,00;2;;;;;;;;;;;;;;;;;;
500;530;10,0;750;433;310;1500;1015;76,50;102,00;153,00;306,00;2;;;;;;;;;;;;;;;;;;
500;530;11,0;750;433;310;1500;1015;84,00;112,00;168,00;336,00;2;;;;;;;;;;;;;;;;;;
500;530;12,0;750;433;310;1500;1015;91,50;122,00;183,00;366,00;2;;;;;;;;;;;;;;;;;;
500;530;13,0;750;433;310;1500;1015;99,00;132,00;198,00;396,00;2;;;;;;;;;;;;;;;;;;
500;530;14,0;750;433;310;1500;1015;106,00;141,33;212,00;424,00;2;;;;;;;;;;;;;;;;;;
500;530;15,0;750;433;310;1500;1015;113,50;151,33;227,00;454,00;2;;;;;;;;;;;;;;;;;;
500;530;16,0;750;433;310;1500;1015;121,00;161,33;242,00;484,00;2;;;;;;;;;;;;;;;;;;
500;530;17,0;750;433;310;1500;1015;128,00;170,67;256,00;512,00;2;;;;;;;;;;;;;;;;;;
500;530;18,0;750;433;310;1500;1015;135,00;180,00;270,00;540,00;2;;;;;;;;;;;;;;;;;;
500;530;20,0;750;433;310;1500;1015;149,00;198,67;298,00;596,00;2;;;;;;;;;;;;;;;;;;
500;530;22,0;750;433;310;1500;1015;163,50;218,00;327,00;654,00;2;;;;;;;;;;;;;;;;;;
500;530;24,0;750;433;310;1500;1015;178,00;237,33;356,00;712,00;2;;;;;;;;;;;;;;;;;;
500;530;26,0;750;433;310;1500;1015;192,50;256,67;385,00;770,00;2;;;;;;;;;;;;;;;;;;
500;530;28,0;750;433;310;1500;1015;206,50;275,33;413,00;826,00;2;;;;;;;;;;;;;;;;;;
500;530;30,0;750;433;310;1500;1015;220,00;293,33;440,00;880,00;2;;;;;;;;;;;;;;;;;;
500;530;32,0;750;433;310;1500;1015;233,50;311,33;467,00;934,00;2;;;;;;;;;;;;;;;;;;
500;530;34,0;750;433;310;1500;1015;247,00;329,33;494,00;988,00;2;;;;;;;;;;;;;;;;;;
500;530;36,0;750;433;310;1500;1015;260,00;346,67;520,00;1040,00;2;;;;;;;;;;;;;;;;;;
600;630;9,0;900;519;373;1800;1215;99,00;132,00;198,00;396,00;2;;;;;;;;;;;;;;;;;;
600;630;10,0;900;519;373;1800;1215;109,50;146,00;219,00;438,00;2;;;;;;;;;;;;;;;;;;
600;630;11,0;900;519;373;1800;1215;122,50;163,33;245,00;490,00;2;;;;;;;;;;;;;;;;;;
600;630;12,0;900;519;373;1800;1215;130,50;174,00;261,00;522,00;2;;;;;;;;;;;;;;;;;;
600;630;13,0;900;519;373;1800;1215;141,00;188,00;282,00;564,00;2;;;;;;;;;;;;;;;;;;
600;630;14,0;900;519;373;1800;1215;151,00;201,33;302,00;604,00;2;;;;;;;;;;;;;;;;;;
600;630;15,0;900;519;373;1800;1215;162,00;216,00;324,00;648,00;2;;;;;;;;;;;;;;;;;;
600;630;16,0;900;519;373;1800;1215;172,50;230,00;345,00;690,00;2;;;;;;;;;;;;;;;;;;
600;630;17,0;900;519;373;1800;1215;183,00;244,00;366,00;732,00;2;;;;;;;;;;;;;;;;;;
600;630;18,0;900;519;373;1800;1215;193,50;258,00;387,00;774,00;2;;;;;;;;;;;;;;;;;;
600;630;20,0;900;519;373;1800;1215;214,50;286,00;429,00;858,00;2;;;;;;;;;;;;;;;;;;
600;630;22,0;900;519;373;1800;1215;235,50;314,00;471,00;942,00;2;;;;;;;;;;;;;;;;;;
600;630;24,0;900;519;373;1800;1215;256,50;342,00;513,00;1026,00;2;;;;;;;;;;;;;;;;;;
600;630;26,0;900;519;373;1800;1215;277,00;369,33;554,00;1108,00;2;;;;;;;;;;;;;;;;;;
600;630;28,0;900;519;373;1800;1215;297,50;396,67;595,00;1190,00;2;;;;;;;;;;;;;;;;;;
600;630;30,0;900;519;373;1800;1215;318,00;424,00;636,00;1272,00;2;;;;;;;;;;;;;;;;;;
600;630;32,0;900;519;373;1800;1215;339,00;452,00;678,00;1356,00;2;;;;;;;;;;;;;;;;;;
700;720;9,0;1000;577;404;2000;1360;124,00;165,33;248,00;496,00;2;;;;;;;;;;;;;;;;;;
700;720;10,0;1000;577;404;2000;1360;137,50;183,33;275,00;550,00;2;;;;;;;;;;;;;;;;;;
700;720;11,0;1000;577;404;2000;1360;151,00;201,33;302,00;604,00;2;;;;;;;;;;;;;;;;;;
700;720;12,0;1000;577;404;2000;1360;164,50;219,33;329,00;658,00;2;;;;;;;;;;;;;;;;;;
700;720;13,0;1000;577;404;2000;1360;178,00;237,33;356,00;712,00;2;;;;;;;;;;;;;;;;;;
700;720;14,0;1000;577;404;2000;1360;191,50;255,33;383,00;766,00;2;;;;;;;;;;;;;;;;;;
700;720;15,0;1000;577;404;2000;1360;205,00;273,33;410,00;820,00;2;;;;;;;;;;;;;;;;;;
700;720;16,0;1000;577;404;2000;1360;218,00;290,67;436,00;872,00;2;;;;;;;;;;;;;;;;;;
700;720;17,0;1000;577;404;2000;1360;231,00;308,00;462,00;924,00;2;;;;;;;;;;;;;;;;;;
700;720;18,0;1000;577;404;2000;1360;244,50;326,00;489,00;978,00;2;;;;;;;;;;;;;;;;;;
700;720;20,0;1000;577;404;2000;1360;271,00;361,33;542,00;1084,00;2;;;;;;;;;;;;;;;;;;
700;720;22,0;1000;577;404;2000;1360;297,50;396,67;595,00;1190,00;2;;;;;;;;;;;;;;;;;;
700;720;24,0;1000;577;404;2000;1360;323,50;431,33;647,00;1294,00;2;;;;;;;;;;;;;;;;;;
700;720;26,0;1000;577;404;2000;1360;349,00;465,33;698,00;1396,00;2;;;;;;;;;;;;;;;;;;
700;720;28,0;1000;577;404;2000;1360;375,00;500,00;750,00;1500,00;2;;;;;;;;;;;;;;;;;;
700;720;30,0;1000;577;404;2000;1360;400,50;534,00;801,00;1602,00;2;;;;;;;;;;;;;;;;;;
700;720;32,0;1000;577;404;2000;1360;426,00;568,00;852,00;1704,00;2;;;;;;;;;;;;;;;;;;
800;820;9,0;1200;693;485;2400;1610;169,50;226,00;339,00;678,00;2;;;;;;;;;;;;;;;;;;
800;820;10,0;1200;693;485;2400;1610;188,00;250,67;376,00;752,00;2;;;;;;;;;;;;;;;;;;
800;820;11,0;1200;693;485;2400;1610;206,50;275,33;413,00;826,00;2;;;;;;;;;;;;;;;;;;
800;820;12,0;1200;693;485;2400;1610;225,00;300,00;450,00;900,00;2;;;;;;;;;;;;;;;;;;
800;820;13,0;1200;693;485;2400;1610;243,50;324,67;487,00;974,00;2;;;;;;;;;;;;;;;;;;
800;820;14,0;1200;693;485;2400;1610;262,00;349,33;524,00;1048,00;2;;;;;;;;;;;;;;;;;;
800;820;15,0;1200;693;485;2400;1610;280,50;374,00;561,00;1122,00;2;;;;;;;;;;;;;;;;;;
800;820;16,0;1200;693;485;2400;1610;299,00;398,67;598,00;1196,00;2;;;;;;;;;;;;;;;;;;
800;820;17,0;1200;693;485;2400;1610;318,00;424,00;636,00;1272,00;2;;;;;;;;;;;;;;;;;;
800;820;18,0;1200;693;485;2400;1610;335,00;446,67;670,00;1340,00;2;;;;;;;;;;;;;;;;;;
800;820;20,0;1200;693;485;2400;1610;371,50;495,33;743,00;1486,00;2;;;;;;;;;;;;;;;;;;
800;820;22,0;1200;693;485;2400;1610;407,50;543,33;815,00;1630,00;2;;;;;;;;;;;;;;;;;;
800;820;24,0;1200;693;485;2400;1610;443,50;591,33;887,00;1774,00;2;;;;;;;;;;;;;;;;;;
800;820;26,0;1200;693;485;2400;1610;479,50;639,33;959,00;1918,00;2;;;;;;;;;;;;;;;;;;
800;820;28,0;1200;693;485;2400;1610;515,00;686,67;1030,00;2060,00;2;;;;;;;;;;;;;;;;;;
800;820;30,0;1200;693;485;2400;1610;550,50;734,00;1101,00;2202,00;2;;;;;;;;;;;;;;;;;;
800;820;32,0;1200;693;485;2400;1610;585,50;780,67;1171,00;2342,00;2;;;;;;;;;;;;;;;;;;
